﻿<?xml version="1.0" encoding="utf-8" ?>
<Defs>
	<ThingDef ParentName="BuildingBase">
		<defName>Corpcinerator</defName>
		<label>Corpcinerator</label>
		<description>A grinder to make bone meal from corpses</description>
		
		<!-- Basics -->
		<selectable>true</selectable>
		<category>Building</category>
		<thingClass>Building_WorkTable</thingClass>
		<altitudeLayer>Building</altitudeLayer>
		<rotatable>true</rotatable>
		<useHitPoints>true</useHitPoints>
		<pathCost>0</pathCost>
		<fillPercent>0.2</fillPercent>
		<passability>PassThroughOnly</passability>
		<leaveResourcesWhenKilled>true</leaveResourcesWhenKilled>
		
		<!-- Construction -->
		<stuffCategories>
			<li>Metallic</li>
			<li>Stony</li>
		</stuffCategories>
		<costList>
			<Steel>120</Steel>
			<Skull>2</Skull>
		</costList>
		<statBases>
			<MaxHitPoints>200</MaxHitPoints>
			<WorkToBuild>1200</WorkToBuild>
			<Flammability>0.1</Flammability>
			<Beauty>-10</Beauty>
			<WorkTableWorkSpeedFactor>1</WorkTableWorkSpeedFactor>
		</statBases>
		
		<!-- Architect menu -->
		<designationCategory>Necron</designationCategory>
		<placeWorkers>
			<li>PlaceWorker_ShowFacilitiesConnections</li>
		</placeWorkers>
		
		<!-- Graphics -->
		<graphicData>
			<graphicClass>Graphic_Single</graphicClass>
			<texPath>Things/Building/corpcinerator</texPath>
			<drawSize>(3,1)</drawSize>
		</graphicData>
		<uiIconScale>1.0</uiIconScale>
		<size>(3,1)</size>
		
		<!-- Research -->
		<researchPrerequisites>
			<li>Necromancy_Basic</li>
		</researchPrerequisites>
		
		<!-- Workbench Details -->
		<building>
			<interactionCellOffset>(0,0,-1)</interactionCellOffset>
			<facilityTags>
				<li>Workbench</li>
			</facilityTags>
		</building>
		
		<!-- Bills Tab -->
		<inspectorTab>
			<li>ITab_Bills</li>
		</inspectorTab>
		
		<!-- Recipes -->
		<recipes>
			<li>GrindCorpseToBoneMeal</li>
		</recipes>
	</ThingDef>
</Defs>