﻿<?xml version="1.0" encoding="utf-8"?>
<Defs>
	<RecipeDef>
		<defName>GrindCorpseToBoneMeal</defName>
		<label>grind corpse to bone meal</label>
		<jobString>Grinding a corpse into bone meal.</jobString>
		<workerCounterClass>Henningmancer.Source.RecipeWorkerCounterGrindCorpseToBoneMeal</workerCounterClass>

		<!-- Bench speed scaling -->
		<workAmount>2400</workAmount>
		<workSpeedStat>WorkTableWorkSpeedFactor</workSpeedStat>
		<workSkill>Crafting</workSkill>
		<workSkillLearnFactor>0.8</workSkillLearnFactor>

		<!-- Ingredients: allow both humanlike and animal corpses -->
		<ingredients>
			<li>
				<filter>
					<categories>
						<li>CorpsesHumanlike</li>
						<li>CorpsesAnimal</li>
					</categories>
				</filter>
				<count>1</count>
			</li>
		</ingredients>

		<fixedIngredientFilter>
			<categories>
				<li>CorpsesHumanlike</li>
				<li>CorpsesAnimal</li>
			</categories>
		</fixedIngredientFilter>
		
		<!-- Output (flat). For fancier yields, do a custom RecipeWorker in C#. -->
		<products />

		<!-- Restrict this recipe to your bench -->
		<recipeUsers>
			<li>Corpcinerator</li>
		</recipeUsers>

		<!-- Effects/sounds while working (optional but nice) -->
		<effectWorking>Cook</effectWorking>
		<soundWorking>Recipe_Machining</soundWorking>

		<modExtensions>
			<li Class="Henningmancer.Source.GrindCorpseToBoneMealExtension">
				<ProductDef>BoneMeal</ProductDef>
				<ScaleByBodySize>true</ScaleByBodySize>
				<TreatDessicatedAsSkeleton>true</TreatDessicatedAsSkeleton>
				<YieldBody>0.65f</YieldBody>
				<YieldSkeleton>0.8f</YieldSkeleton>
				<YieldHumanlike>1.0f</YieldHumanlike>
				<YieldAnimal>0.8f</YieldAnimal>
			</li>
		</modExtensions>
	</RecipeDef>
</Defs>
