﻿<?xml version="1.0" encoding="utf-8"?>
<Defs>
	<ThingDef ParentName="ResourceBase">
		<defName>BoneMeal</defName>
		<label>bone meal</label>
		<description>Ground bone powder used for necromancy.</description>
		<stackLimit>100</stackLimit>
		<statBases>
			<MarketValue>0.8</MarketValue>
			<Mass>1</Mass>
		</statBases>
		<thingCategories>
			<li>ResourcesRaw</li>
			<li>Necromancy</li>
		</thingCategories>
		<graphicData>
			<texPath>Things/Item/bonemeal</texPath>
			<graphicClass>Graphic_StackCount</graphicClass>
		</graphicData>
	</ThingDef>
</Defs>